"data_base_project-backend-1","1762697350","281157632"
"data_base_project-backend-1","1762697355","281157632"
"data_base_project-backend-1","1762697360","281157632"
"data_base_project-backend-1","1762697365","283725824"
"data_base_project-backend-1","1762697370","286031872"
"data_base_project-backend-1","1762697375","286822400"
"data_base_project-backend-1","1762697380","287686656"
"data_base_project-backend-1","1762697385","287686656"
"data_base_project-backend-1","1762697390","287686656"
"data_base_project-backend-1","1762697395","288280576"
"data_base_project-backend-1","1762697400","288280576"
"data_base_project-backend-1","1762697405","288280576"
"data_base_project-backend-1","1762697410","288280576"
"data_base_project-backend-1","1762697415","288280576"
"data_base_project-backend-1","1762697420","288280576"
"data_base_project-backend-1","1762697425","288280576"
"data_base_project-backend-1","1762697430","288280576"
"data_base_project-backend-1","1762697435","288280576"
"data_base_project-backend-1","1762697440","288280576"
"data_base_project-backend-1","1762697445","288280576"
"data_base_project-backend-1","1762697450","288280576"
"data_base_project-backend-1","1762697455","288280576"
"data_base_project-backend-1","1762697460","288280576"
"data_base_project-backend-1","1762697465","288280576"
"data_base_project-backend-1","1762697470","288280576"
"data_base_project-backend-1","1762697475","288280576"
"data_base_project-backend-1","1762697480","288280576"
"data_base_project-backend-1","1762697485","288280576"
"data_base_project-backend-1","1762697490","288280576"
"data_base_project-backend-1","1762697495","288280576"
"data_base_project-backend-1","1762697500","288280576"
"data_base_project-backend-1","1762697505","288280576"
"data_base_project-backend-1","1762697510","288280576"
"data_base_project-backend-1","1762697515","288280576"
"data_base_project-backend-1","1762697520","288280576"
"data_base_project-backend-1","1762697525","288280576"
"data_base_project-backend-1","1762697530","288280576"
"data_base_project-backend-1","1762697535","288280576"
"data_base_project-backend-1","1762697540","288280576"
"data_base_project-backend-1","1762697545","288280576"
"data_base_project-backend-1","1762697550","288280576"
"data_base_project-backend-1","1762697555","288280576"
"data_base_project-backend-1","1762697560","288280576"
"data_base_project-backend-1","1762697565","288280576"
"data_base_project-backend-1","1762697570","288280576"
"data_base_project-backend-1","1762697575","288280576"
"data_base_project-backend-1","1762697580","288280576"
"data_base_project-backend-1","1762697585","288280576"
"data_base_project-backend-1","1762697590","288280576"
"data_base_project-backend-1","1762697595","288280576"
"data_base_project-backend-1","1762697600","288280576"
"data_base_project-backend-1","1762697605","288280576"
"data_base_project-backend-1","1762697610","288280576"
"data_base_project-backend-1","1762697615","288280576"
"data_base_project-backend-1","1762697620","288280576"
"data_base_project-backend-1","1762697625","288280576"
"data_base_project-backend-1","1762697630","288280576"
