"data_base_project-backend-once-1","1762789433","33157120"
"data_base_project-backend-once-1","1762789438","33329152"
"data_base_project-backend-once-1","1762789443","33357824"
"data_base_project-backend-once-1","1762789448","33366016"
"data_base_project-backend-once-1","1762789453","33366016"
"data_base_project-backend-once-1","1762789458","33366016"
"data_base_project-backend-once-1","1762789463","33366016"
"data_base_project-backend-once-1","1762789468","33366016"
"data_base_project-backend-once-1","1762789473","33366016"
"data_base_project-backend-once-1","1762789478","33366016"
"data_base_project-backend-once-1","1762789483","33366016"
"data_base_project-backend-once-1","1762789488","33366016"
"data_base_project-backend-once-1","1762789493","33366016"
"data_base_project-backend-once-1","1762789498","33366016"
"data_base_project-backend-once-1","1762789503","33366016"
